sentence_id,token_id,token,gold_tag,predicted_tag,correct
0,0,It,O,O,True
0,1,took,O,O,True
0,2,eight,O,O,True
0,3,years,O,O,True
0,4,for,O,O,True
0,5,Warner,B-ORG,B-ORG,True
0,6,Brothers,I-ORG,I-ORG,True
0,7,to,O,O,True
0,8,recover,O,O,True
0,9,from,O,O,True
0,10,the,O,O,True
0,11,disaster,O,O,True
0,12,that,O,O,True
0,13,was,O,O,True
0,14,this,O,O,True
0,15,movie,O,O,True
0,16,.,O,O,True
1,0,All,O,O,True
1,1,the,O,B-ORG,False
1,2,New,B-ORG,I-ORG,False
1,3,York,I-ORG,I-ORG,True
1,4,University,I-ORG,I-ORG,True
1,5,students,O,O,True
1,6,love,O,O,True
1,7,this,O,O,True
1,8,diner,O,O,True
1,9,in,O,O,True
1,10,Soho,B-LOC,B-LOC,True
1,11,so,O,O,True
1,12,it,O,O,True
1,13,makes,O,O,True
1,14,for,O,O,True
1,15,a,O,O,True
1,16,fun,O,O,True
1,17,young,O,O,True
1,18,atmosphere,O,O,True
1,19,.,O,O,True
2,0,This,O,O,True
2,1,Italian,B-MISC,B-MISC,True
2,2,place,O,O,True
2,3,is,O,O,True
2,4,really,O,O,True
2,5,trendy,O,O,True
2,6,but,O,O,True
2,7,they,O,O,True
2,8,have,O,O,True
2,9,forgotten,O,O,True
2,10,about,O,O,True
2,11,the,O,O,True
2,12,most,O,O,True
2,13,important,O,O,True
2,14,part,O,O,True
2,15,of,O,O,True
2,16,a,O,O,True
2,17,restaurant,O,O,True
2,18,",",O,O,True
2,19,the,O,O,True
2,20,food,O,O,True
2,21,.,O,O,True
3,0,In,O,O,True
3,1,conclusion,O,O,True
3,2,",",O,O,True
3,3,my,O,O,True
3,4,review,O,O,True
3,5,of,O,O,True
3,6,this,O,O,True
3,7,book,O,O,True
3,8,would,O,O,True
3,9,be,O,O,True
3,10,:,O,O,True
3,11,I,O,O,True
3,12,like,O,O,True
3,13,Jane,B-PER,B-PER,True
3,14,Austen,I-PER,I-PER,True
3,15,and,O,O,True
3,16,understand,O,O,True
3,17,why,O,O,True
3,18,she,O,O,True
3,19,is,O,O,True
3,20,famous,O,O,True
3,21,.,O,O,True
4,0,The,O,O,True
4,1,story,O,O,True
4,2,of,O,O,True
4,3,this,O,O,True
4,4,movie,O,O,True
4,5,is,O,O,True
4,6,focused,O,O,True
4,7,on,O,O,True
4,8,Carl,B-PER,B-PER,True
4,9,Brashear,I-PER,I-PER,True
4,10,played,O,O,True
4,11,by,O,O,True
4,12,Cuba,B-PER,B-PER,True
4,13,Gooding,I-PER,I-PER,True
4,14,Jr.,I-PER,I-PER,True
4,15,who,O,O,True
4,16,wants,O,O,True
4,17,to,O,O,True
4,18,be,O,O,True
4,19,the,O,O,True
4,20,first,O,O,True
4,21,African,B-MISC,B-MISC,True
4,22,American,I-MISC,I-MISC,True
4,23,deep,O,O,True
4,24,sea,O,O,True
4,25,diver,O,O,True
4,26,in,O,O,True
4,27,the,O,O,True
4,28,Navy,B-ORG,B-ORG,True
4,29,.,O,O,True
5,0,Chris,B-PER,B-PER,True
5,1,O'Donnell,I-PER,I-PER,True
5,2,stated,O,O,True
5,3,that,O,O,True
5,4,while,O,O,True
5,5,filming,O,O,True
5,6,for,O,O,True
5,7,this,O,O,True
5,8,movie,O,O,True
5,9,",",O,O,True
5,10,he,O,O,True
5,11,felt,O,O,True
5,12,like,O,O,True
5,13,he,O,O,True
5,14,was,O,O,True
5,15,in,O,O,True
5,16,a,O,O,True
5,17,toy,O,O,True
5,18,commercial,O,O,True
5,19,.,O,O,True
6,0,My,O,O,True
6,1,husband,O,O,True
6,2,and,O,O,True
6,3,I,O,O,True
6,4,moved,O,O,True
6,5,to,O,O,True
6,6,Amsterdam,B-LOC,B-LOC,True
6,7,6,O,O,True
6,8,years,O,O,True
6,9,ago,O,O,True
6,10,and,O,O,True
6,11,for,O,O,True
6,12,as,O,O,True
6,13,long,O,O,True
6,14,as,O,O,True
6,15,we,O,O,True
6,16,have,O,O,True
6,17,lived,O,O,True
6,18,here,O,O,True
6,19,",",O,O,True
6,20,Blauwbrug,B-ORG,B-MISC,False
6,21,has,O,O,True
6,22,been,O,O,True
6,23,our,O,O,True
6,24,favorite,O,O,True
6,25,place,O,O,True
6,26,to,O,O,True
6,27,eat,O,O,True
6,28,!,O,O,True
7,0,Dame,B-PER,O,False
7,1,Maggie,I-PER,B-PER,False
7,2,Smith,I-PER,I-PER,True
7,3,performed,O,O,True
7,4,her,O,O,True
7,5,role,O,O,True
7,6,excellently,O,O,True
7,7,",",O,O,True
7,8,as,O,O,True
7,9,she,O,O,True
7,10,does,O,O,True
7,11,in,O,O,True
7,12,all,O,O,True
7,13,her,O,O,True
7,14,movies,O,O,True
7,15,.,O,O,True
8,0,The,O,O,True
8,1,new,O,O,True
8,2,movie,O,O,True
8,3,by,O,O,True
8,4,Mr.,B-PER,O,False
8,5,Kruno,I-PER,B-PER,False
8,6,was,O,O,True
8,7,shot,O,O,True
8,8,in,O,O,True
8,9,New,B-LOC,B-LOC,True
8,10,York,I-LOC,I-LOC,True
8,11,",",O,O,True
8,12,but,O,O,True
8,13,the,O,O,True
8,14,story,O,O,True
8,15,takes,O,O,True
8,16,place,O,O,True
8,17,in,O,O,True
8,18,Los,B-LOC,B-LOC,True
8,19,Angeles,I-LOC,I-LOC,True
8,20,.,O,O,True
9,0,I,O,O,True
9,1,always,O,O,True
9,2,have,O,O,True
9,3,loved,O,O,True
9,4,English,B-MISC,B-MISC,True
9,5,novels,O,O,True
9,6,",",O,O,True
9,7,but,O,O,True
9,8,I,O,O,True
9,9,just,O,O,True
9,10,could,O,O,True
9,11,n't,O,O,True
9,12,get,O,O,True
9,13,into,O,O,True
9,14,this,O,O,True
9,15,one,O,O,True
9,16,.,O,O,True
